,Linear Classifier,SVM Classifier,MLP Classifier,TDNN Classifier with Padding,TDNN Classifier without Padding
Training Accuracy,0.9994356659142212,0.9980248306997742,1.0,0.9997178329571106,0.9994356659142212
Validation Accuracy,0.9920993227990971,0.9920993227990971,0.9887133182844243,0.9875846501128668,0.9853273137697517
Testing Accuracy,0.7716049382716049,0.7716049382716049,0.808641975308642,0.845679012345679,0.808641975308642
AUC Score,0.6945646529340489,0.6945646529340489,0.7802492643240436,0.8320062316081012,0.7802492643240436
